-- MariaDB dump 10.19  Distrib 10.4.32-MariaDB, for Win64 (AMD64)
--
-- Host: localhost    Database: laplayita
-- ------------------------------------------------------
-- Server version	10.4.32-MariaDB

/*!40101 SET @OLD_CHARACTER_SET_CLIENT=@@CHARACTER_SET_CLIENT */;
/*!40101 SET @OLD_CHARACTER_SET_RESULTS=@@CHARACTER_SET_RESULTS */;
/*!40101 SET @OLD_COLLATION_CONNECTION=@@COLLATION_CONNECTION */;
/*!40101 SET NAMES utf8mb4 */;
/*!40103 SET @OLD_TIME_ZONE=@@TIME_ZONE */;
/*!40103 SET TIME_ZONE='+00:00' */;
/*!40014 SET @OLD_UNIQUE_CHECKS=@@UNIQUE_CHECKS, UNIQUE_CHECKS=0 */;
/*!40014 SET @OLD_FOREIGN_KEY_CHECKS=@@FOREIGN_KEY_CHECKS, FOREIGN_KEY_CHECKS=0 */;
/*!40101 SET @OLD_SQL_MODE=@@SQL_MODE, SQL_MODE='NO_AUTO_VALUE_ON_ZERO' */;
/*!40111 SET @OLD_SQL_NOTES=@@SQL_NOTES, SQL_NOTES=0 */;

--
-- Table structure for table `categoria`
--

DROP TABLE IF EXISTS `categoria`;
/*!40101 SET @saved_cs_client     = @@character_set_client */;
/*!40101 SET character_set_client = utf8 */;
CREATE TABLE `categoria` (
  `idCategoria` int(11) NOT NULL AUTO_INCREMENT,
  `categoria` varchar(25) NOT NULL,
  PRIMARY KEY (`idCategoria`)
) ENGINE=InnoDB AUTO_INCREMENT=3 DEFAULT CHARSET=utf8mb4 COLLATE=utf8mb4_unicode_ci;
/*!40101 SET character_set_client = @saved_cs_client */;

--
-- Dumping data for table `categoria`
--

LOCK TABLES `categoria` WRITE;
/*!40000 ALTER TABLE `categoria` DISABLE KEYS */;
INSERT INTO `categoria` VALUES (2,'Lacteos ');
/*!40000 ALTER TABLE `categoria` ENABLE KEYS */;
UNLOCK TABLES;

--
-- Table structure for table `cliente`
--

DROP TABLE IF EXISTS `cliente`;
/*!40101 SET @saved_cs_client     = @@character_set_client */;
/*!40101 SET character_set_client = utf8 */;
CREATE TABLE `cliente` (
  `idCliente` int(11) NOT NULL AUTO_INCREMENT,
  `documento` varchar(20) NOT NULL,
  `nombres` varchar(50) NOT NULL,
  `apellidos` varchar(50) NOT NULL,
  `correo` varchar(60) NOT NULL,
  `telefono` varchar(25) NOT NULL,
  PRIMARY KEY (`idCliente`),
  UNIQUE KEY `documento` (`documento`)
) ENGINE=InnoDB AUTO_INCREMENT=12 DEFAULT CHARSET=utf8mb4 COLLATE=utf8mb4_unicode_ci;
/*!40101 SET character_set_client = @saved_cs_client */;

--
-- Dumping data for table `cliente`
--

LOCK TABLES `cliente` WRITE;
/*!40000 ALTER TABLE `cliente` DISABLE KEYS */;
INSERT INTO `cliente` VALUES (1,'12345678','pepito ','perez ','pepito@gmail.com','12342155124'),(3,'10001','Laura ','Martinez ','laura.m@gmail.com','3124567890'),(4,'10002','Carlos Alberto','Gomez ','carlos.g@gmail.com','3101234567'),(5,'10003','Andrea ','Ruiz Sanchez','andrea.rs@gmail.com','3145678901'),(6,'10004','Diego ','Ramirez ','diego.r@gmail.com','3112345678'),(7,'10005','Sofia Elena','Perez ','sofia.p@gmail.com','3109876543'),(8,'10006','Felipe ','Torres Moreno','felipe.t@gmail.com','3165432109'),(9,'10007','Camila ','Vargas ','camila.v@gmail.com','3173214567'),(10,'10008','Jorge ','Castro ','jorge.c@gmail.com','3184567890'),(11,'10009','Natalia ','Jimenez Rodriguez','natalia.j@gmail.com','3196543210');
/*!40000 ALTER TABLE `cliente` ENABLE KEYS */;
UNLOCK TABLES;

--
-- Table structure for table `detallepedido`
--

DROP TABLE IF EXISTS `detallepedido`;
/*!40101 SET @saved_cs_client     = @@character_set_client */;
/*!40101 SET character_set_client = utf8 */;
CREATE TABLE `detallepedido` (
  `idPedido` int(11) NOT NULL,
  `idProducto` int(11) NOT NULL,
  `cantidad` int(11) NOT NULL,
  `precioUnitario` decimal(12,2) NOT NULL,
  PRIMARY KEY (`idPedido`,`idProducto`),
  KEY `idProducto` (`idProducto`),
  CONSTRAINT `detallePedido_ibfk_1` FOREIGN KEY (`idPedido`) REFERENCES `pedido` (`idPedido`),
  CONSTRAINT `detallePedido_ibfk_2` FOREIGN KEY (`idProducto`) REFERENCES `producto` (`idProducto`)
) ENGINE=InnoDB DEFAULT CHARSET=utf8mb4 COLLATE=utf8mb4_unicode_ci;
/*!40101 SET character_set_client = @saved_cs_client */;

--
-- Dumping data for table `detallepedido`
--

LOCK TABLES `detallepedido` WRITE;
/*!40000 ALTER TABLE `detallepedido` DISABLE KEYS */;
/*!40000 ALTER TABLE `detallepedido` ENABLE KEYS */;
UNLOCK TABLES;

--
-- Table structure for table `detallereabastecimiento`
--

DROP TABLE IF EXISTS `detallereabastecimiento`;
/*!40101 SET @saved_cs_client     = @@character_set_client */;
/*!40101 SET character_set_client = utf8 */;
CREATE TABLE `detallereabastecimiento` (
  `idProducto` int(11) NOT NULL,
  `idReabastecimiento` int(11) NOT NULL,
  `cantidadReabastecimiento` int(11) NOT NULL,
  PRIMARY KEY (`idProducto`,`idReabastecimiento`),
  KEY `idReabastecimiento` (`idReabastecimiento`),
  CONSTRAINT `detalleReabastecimiento_ibfk_1` FOREIGN KEY (`idProducto`) REFERENCES `producto` (`idProducto`),
  CONSTRAINT `detalleReabastecimiento_ibfk_2` FOREIGN KEY (`idReabastecimiento`) REFERENCES `reabastecimiento` (`idReabastecimiento`)
) ENGINE=InnoDB DEFAULT CHARSET=utf8mb4 COLLATE=utf8mb4_unicode_ci;
/*!40101 SET character_set_client = @saved_cs_client */;

--
-- Dumping data for table `detallereabastecimiento`
--

LOCK TABLES `detallereabastecimiento` WRITE;
/*!40000 ALTER TABLE `detallereabastecimiento` DISABLE KEYS */;
/*!40000 ALTER TABLE `detallereabastecimiento` ENABLE KEYS */;
UNLOCK TABLES;

--
-- Table structure for table `detalleventa`
--

DROP TABLE IF EXISTS `detalleventa`;
/*!40101 SET @saved_cs_client     = @@character_set_client */;
/*!40101 SET character_set_client = utf8 */;
CREATE TABLE `detalleventa` (
  `idProducto` int(11) NOT NULL,
  `idVenta` int(11) NOT NULL,
  `cantidad` int(11) NOT NULL,
  `subtotal` decimal(12,2) NOT NULL,
  PRIMARY KEY (`idProducto`,`idVenta`),
  KEY `idVenta` (`idVenta`),
  CONSTRAINT `detalleVenta_ibfk_1` FOREIGN KEY (`idProducto`) REFERENCES `producto` (`idProducto`),
  CONSTRAINT `detalleVenta_ibfk_2` FOREIGN KEY (`idVenta`) REFERENCES `venta` (`idVenta`)
) ENGINE=InnoDB DEFAULT CHARSET=utf8mb4 COLLATE=utf8mb4_unicode_ci;
/*!40101 SET character_set_client = @saved_cs_client */;

--
-- Dumping data for table `detalleventa`
--

LOCK TABLES `detalleventa` WRITE;
/*!40000 ALTER TABLE `detalleventa` DISABLE KEYS */;
INSERT INTO `detalleventa` VALUES (1,41,2,7600.00),(1,46,1,4000.00),(1,50,3,11400.00),(2,42,1,9500.00),(2,46,1,9500.00),(2,48,1,4000.00),(3,42,1,5000.00),(3,45,2,8600.00),(3,49,1,300.00),(4,43,2,14000.00),(5,43,1,4300.00),(5,50,1,3900.00),(6,44,1,12000.00),(6,49,1,12000.00),(7,44,1,3000.00),(8,47,1,2900.00),(9,47,1,9800.00),(10,48,1,15000.00);
/*!40000 ALTER TABLE `detalleventa` ENABLE KEYS */;
UNLOCK TABLES;

--
-- Table structure for table `estadousuario`
--

DROP TABLE IF EXISTS `estadousuario`;
/*!40101 SET @saved_cs_client     = @@character_set_client */;
/*!40101 SET character_set_client = utf8 */;
CREATE TABLE `estadousuario` (
  `idEstado` tinyint(4) NOT NULL,
  `descripcion` varchar(20) NOT NULL,
  PRIMARY KEY (`idEstado`)
) ENGINE=InnoDB DEFAULT CHARSET=utf8mb4 COLLATE=utf8mb4_unicode_ci;
/*!40101 SET character_set_client = @saved_cs_client */;

--
-- Dumping data for table `estadousuario`
--

LOCK TABLES `estadousuario` WRITE;
/*!40000 ALTER TABLE `estadousuario` DISABLE KEYS */;
INSERT INTO `estadousuario` VALUES (0,'inactivo'),(1,'activo'),(2,'suspendido');
/*!40000 ALTER TABLE `estadousuario` ENABLE KEYS */;
UNLOCK TABLES;

--
-- Table structure for table `pedido`
--

DROP TABLE IF EXISTS `pedido`;
/*!40101 SET @saved_cs_client     = @@character_set_client */;
/*!40101 SET character_set_client = utf8 */;
CREATE TABLE `pedido` (
  `idPedido` int(11) NOT NULL AUTO_INCREMENT,
  `fechaPedido` date NOT NULL,
  `estadoPedido` varchar(20) DEFAULT 'solicitado',
  `direccionEnvio` varchar(255) DEFAULT NULL,
  `idCliente` int(11) NOT NULL,
  `idUsuario` int(11) NOT NULL,
  PRIMARY KEY (`idPedido`),
  KEY `idCliente` (`idCliente`),
  KEY `idUsuario` (`idUsuario`),
  CONSTRAINT `pedido_ibfk_1` FOREIGN KEY (`idCliente`) REFERENCES `cliente` (`idCliente`),
  CONSTRAINT `pedido_ibfk_2` FOREIGN KEY (`idUsuario`) REFERENCES `usuario` (`idUsuario`)
) ENGINE=InnoDB DEFAULT CHARSET=utf8mb4 COLLATE=utf8mb4_unicode_ci;
/*!40101 SET character_set_client = @saved_cs_client */;

--
-- Dumping data for table `pedido`
--

LOCK TABLES `pedido` WRITE;
/*!40000 ALTER TABLE `pedido` DISABLE KEYS */;
/*!40000 ALTER TABLE `pedido` ENABLE KEYS */;
UNLOCK TABLES;

--
-- Table structure for table `pqrc`
--

DROP TABLE IF EXISTS `pqrc`;
/*!40101 SET @saved_cs_client     = @@character_set_client */;
/*!40101 SET character_set_client = utf8 */;
CREATE TABLE `pqrc` (
  `idPqrc` int(11) NOT NULL AUTO_INCREMENT,
  `tipo` enum('PETICION','QUEJA','RECLAMO','COMENTARIO') NOT NULL,
  `descripcion` text NOT NULL,
  `fecha` date NOT NULL,
  `estado` varchar(20) DEFAULT 'pendiente',
  `idCliente` int(11) NOT NULL,
  `idUsuario` int(11) NOT NULL,
  PRIMARY KEY (`idPqrc`),
  KEY `idCliente` (`idCliente`),
  KEY `idUsuario` (`idUsuario`),
  CONSTRAINT `pqrc_ibfk_1` FOREIGN KEY (`idCliente`) REFERENCES `cliente` (`idCliente`),
  CONSTRAINT `pqrc_ibfk_2` FOREIGN KEY (`idUsuario`) REFERENCES `usuario` (`idUsuario`)
) ENGINE=InnoDB AUTO_INCREMENT=5 DEFAULT CHARSET=utf8mb4 COLLATE=utf8mb4_unicode_ci;
/*!40101 SET character_set_client = @saved_cs_client */;

--
-- Dumping data for table `pqrc`
--

LOCK TABLES `pqrc` WRITE;
/*!40000 ALTER TABLE `pqrc` DISABLE KEYS */;
INSERT INTO `pqrc` VALUES (2,'COMENTARIO','MAS PRODUCTOS','2025-07-01','Pendiente',1,1),(4,'PETICION','prueabaa','2025-07-01','Pendiente',1,1);
/*!40000 ALTER TABLE `pqrc` ENABLE KEYS */;
UNLOCK TABLES;

--
-- Table structure for table `producto`
--

DROP TABLE IF EXISTS `producto`;
/*!40101 SET @saved_cs_client     = @@character_set_client */;
/*!40101 SET character_set_client = utf8 */;
CREATE TABLE `producto` (
  `idProducto` int(11) NOT NULL AUTO_INCREMENT,
  `nombreProducto` varchar(50) NOT NULL,
  `precioUnitario` decimal(12,2) NOT NULL,
  `iva` double DEFAULT NULL,
  `cantidadStock` int(11) NOT NULL,
  `fechaCaducidad` date DEFAULT NULL,
  `descripcion` varchar(255) DEFAULT NULL,
  `idCategoria` int(11) NOT NULL,
  PRIMARY KEY (`idProducto`),
  KEY `idCategoria` (`idCategoria`),
  CONSTRAINT `producto_ibfk_1` FOREIGN KEY (`idCategoria`) REFERENCES `categoria` (`idCategoria`)
) ENGINE=InnoDB AUTO_INCREMENT=11 DEFAULT CHARSET=utf8mb4 COLLATE=utf8mb4_unicode_ci;
/*!40101 SET character_set_client = @saved_cs_client */;

--
-- Dumping data for table `producto`
--

LOCK TABLES `producto` WRITE;
/*!40000 ALTER TABLE `producto` DISABLE KEYS */;
INSERT INTO `producto` VALUES (1,'Leche Entera',3800.00,19,120,'2025-12-01','Leche pasteurizada',2),(2,'Queso Campesino',9500.00,5,60,'2025-09-01','Queso fresco de vaca',2),(3,'Yogurt Fresa',4500.00,19,75,'2025-08-10','Yogurt de fruta',2),(4,'Mantequilla',7000.00,10,50,'2025-10-15','Mantequilla sin sal',2),(5,'Leche Deslactosada',4000.00,19,110,'2025-11-01','Leche para intolerantes',2),(6,'Queso Mozzarella',12000.00,5,40,'2025-09-15','Queso fundido',2),(7,'Yogurt Natural',4300.00,19,90,'2025-08-05','Yogurt sin azúcar',2),(8,'Kumis',4600.00,19,70,'2025-08-20','Bebida láctea',2),(9,'Queso doble crema',9800.00,5,45,'2025-09-30','Suave y cremoso',2),(10,'Leche en polvo',15000.00,19,80,'2026-01-01','Duración prolongada',2);
/*!40000 ALTER TABLE `producto` ENABLE KEYS */;
UNLOCK TABLES;

--
-- Table structure for table `proveedor`
--

DROP TABLE IF EXISTS `proveedor`;
/*!40101 SET @saved_cs_client     = @@character_set_client */;
/*!40101 SET character_set_client = utf8 */;
CREATE TABLE `proveedor` (
  `idProveedor` int(11) NOT NULL AUTO_INCREMENT,
  `nombres` varchar(50) NOT NULL,
  `apellidos` varchar(50) NOT NULL,
  `telefono` varchar(50) NOT NULL,
  `correo` varchar(50) NOT NULL,
  `direccion` varchar(255) NOT NULL,
  PRIMARY KEY (`idProveedor`)
) ENGINE=InnoDB AUTO_INCREMENT=2 DEFAULT CHARSET=utf8mb4 COLLATE=utf8mb4_unicode_ci;
/*!40101 SET character_set_client = @saved_cs_client */;

--
-- Dumping data for table `proveedor`
--

LOCK TABLES `proveedor` WRITE;
/*!40000 ALTER TABLE `proveedor` DISABLE KEYS */;
/*!40000 ALTER TABLE `proveedor` ENABLE KEYS */;
UNLOCK TABLES;

--
-- Table structure for table `reabastecimiento`
--

DROP TABLE IF EXISTS `reabastecimiento`;
/*!40101 SET @saved_cs_client     = @@character_set_client */;
/*!40101 SET character_set_client = utf8 */;
CREATE TABLE `reabastecimiento` (
  `idReabastecimiento` int(11) NOT NULL AUTO_INCREMENT,
  `fecha` date NOT NULL,
  `hora` time NOT NULL,
  `costo` decimal(12,2) NOT NULL,
  `estadoCompra` varchar(20) DEFAULT 'recibido',
  `formaPago` varchar(25) DEFAULT 'efectivo',
  `idProveedor` int(11) NOT NULL,
  PRIMARY KEY (`idReabastecimiento`),
  KEY `idProveedor` (`idProveedor`),
  CONSTRAINT `reabastecimiento_ibfk_1` FOREIGN KEY (`idProveedor`) REFERENCES `proveedor` (`idProveedor`)
) ENGINE=InnoDB DEFAULT CHARSET=utf8mb4 COLLATE=utf8mb4_unicode_ci;
/*!40101 SET character_set_client = @saved_cs_client */;

--
-- Dumping data for table `reabastecimiento`
--

LOCK TABLES `reabastecimiento` WRITE;
/*!40000 ALTER TABLE `reabastecimiento` DISABLE KEYS */;
/*!40000 ALTER TABLE `reabastecimiento` ENABLE KEYS */;
UNLOCK TABLES;

--
-- Table structure for table `rol`
--

DROP TABLE IF EXISTS `rol`;
/*!40101 SET @saved_cs_client     = @@character_set_client */;
/*!40101 SET character_set_client = utf8 */;
CREATE TABLE `rol` (
  `idRol` int(11) NOT NULL AUTO_INCREMENT,
  `descripcionRol` varchar(35) NOT NULL,
  PRIMARY KEY (`idRol`)
) ENGINE=InnoDB AUTO_INCREMENT=5 DEFAULT CHARSET=utf8mb4 COLLATE=utf8mb4_unicode_ci;
/*!40101 SET character_set_client = @saved_cs_client */;

--
-- Dumping data for table `rol`
--

LOCK TABLES `rol` WRITE;
/*!40000 ALTER TABLE `rol` DISABLE KEYS */;
INSERT INTO `rol` VALUES (1,'ADMIN'),(2,'VENDEDOR'),(3,'PRACTICANTE');
/*!40000 ALTER TABLE `rol` ENABLE KEYS */;
UNLOCK TABLES;

--
-- Table structure for table `salidainventario`
--

DROP TABLE IF EXISTS `salidainventario`;
/*!40101 SET @saved_cs_client     = @@character_set_client */;
/*!40101 SET character_set_client = utf8 */;
CREATE TABLE `salidainventario` (
  `idSalida` int(11) NOT NULL AUTO_INCREMENT,
  `idProducto` int(11) NOT NULL,
  `cantidad` int(11) NOT NULL,
  `fecha` date NOT NULL,
  `hora` time NOT NULL,
  `motivo` varchar(255) NOT NULL,
  PRIMARY KEY (`idSalida`),
  KEY `idProducto` (`idProducto`),
  CONSTRAINT `salidaInventario_ibfk_1` FOREIGN KEY (`idProducto`) REFERENCES `producto` (`idProducto`)
) ENGINE=InnoDB DEFAULT CHARSET=utf8mb4 COLLATE=utf8mb4_unicode_ci;
/*!40101 SET character_set_client = @saved_cs_client */;

--
-- Dumping data for table `salidainventario`
--

LOCK TABLES `salidainventario` WRITE;
/*!40000 ALTER TABLE `salidainventario` DISABLE KEYS */;
/*!40000 ALTER TABLE `salidainventario` ENABLE KEYS */;
UNLOCK TABLES;

--
-- Table structure for table `usuario`
--

DROP TABLE IF EXISTS `usuario`;
/*!40101 SET @saved_cs_client     = @@character_set_client */;
/*!40101 SET character_set_client = utf8 */;
CREATE TABLE `usuario` (
  `idUsuario` int(11) NOT NULL AUTO_INCREMENT,
  `documento` varchar(20) NOT NULL,
  `nombres` varchar(50) NOT NULL,
  `apellidos` varchar(50) NOT NULL,
  `correo` varchar(60) NOT NULL,
  `telefono` varchar(20) DEFAULT NULL,
  `contrasena` varchar(255) NOT NULL,
  `estadoUsuario` tinyint(4) NOT NULL DEFAULT 1,
  `fechaCreacion` timestamp NOT NULL DEFAULT current_timestamp(),
  `ultimoLogin` timestamp NULL DEFAULT NULL,
  `idRol` int(11) NOT NULL,
  PRIMARY KEY (`idUsuario`),
  UNIQUE KEY `documento` (`documento`),
  UNIQUE KEY `correo` (`correo`),
  KEY `estadoUsuario` (`estadoUsuario`),
  KEY `idRol` (`idRol`),
  CONSTRAINT `usuario_ibfk_1` FOREIGN KEY (`estadoUsuario`) REFERENCES `estadousuario` (`idEstado`),
  CONSTRAINT `usuario_ibfk_2` FOREIGN KEY (`idRol`) REFERENCES `rol` (`idRol`)
) ENGINE=InnoDB AUTO_INCREMENT=6 DEFAULT CHARSET=utf8mb4 COLLATE=utf8mb4_unicode_ci;
/*!40101 SET character_set_client = @saved_cs_client */;

--
-- Dumping data for table `usuario`
--

LOCK TABLES `usuario` WRITE;
/*!40000 ALTER TABLE `usuario` DISABLE KEYS */;
INSERT INTO `usuario` VALUES (1,'1014477103','juan andres','lizarazo capera','liza@gmail.com','3105416287','$2a$10$NFwQSzu8/6T5IZTPGEKStu89rBkNLd1VloKWkIvXROYJlh.f6m4G.',1,'2025-06-27 01:49:49','2025-08-28 00:44:52',2),(3,'1234567','admin ','principal ','admin@playita.com','32124551','$2a$10$US7SvdS/PAlx89Ui241LKOyWoT12q5Z7pGE/3WCzznSNPYcvZhrgG',1,'2025-07-01 18:49:19','2025-08-27 23:19:08',1),(5,'123456789','pepe ','alca ','vendedor@gmail.com',NULL,'$2a$10$7Fcj6KuAUR//UdXWoIa7f.21C124s4Tw6J/nNUkuUNKcbkRl6y51K',1,'2025-07-02 07:39:42',NULL,2);
/*!40000 ALTER TABLE `usuario` ENABLE KEYS */;
UNLOCK TABLES;

--
-- Table structure for table `venta`
--

DROP TABLE IF EXISTS `venta`;
/*!40101 SET @saved_cs_client     = @@character_set_client */;
/*!40101 SET character_set_client = utf8 */;
CREATE TABLE `venta` (
  `idVenta` int(11) NOT NULL AUTO_INCREMENT,
  `fechaVenta` date NOT NULL,
  `horaVenta` time NOT NULL,
  `total` decimal(12,2) NOT NULL,
  `idCliente` int(11) NOT NULL,
  `idUsuario` int(11) NOT NULL,
  PRIMARY KEY (`idVenta`),
  KEY `idCliente` (`idCliente`),
  KEY `idUsuario` (`idUsuario`),
  CONSTRAINT `venta_ibfk_1` FOREIGN KEY (`idCliente`) REFERENCES `cliente` (`idCliente`),
  CONSTRAINT `venta_ibfk_2` FOREIGN KEY (`idUsuario`) REFERENCES `usuario` (`idUsuario`)
) ENGINE=InnoDB AUTO_INCREMENT=51 DEFAULT CHARSET=utf8mb4 COLLATE=utf8mb4_unicode_ci;
/*!40101 SET character_set_client = @saved_cs_client */;

--
-- Dumping data for table `venta`
--

LOCK TABLES `venta` WRITE;
/*!40000 ALTER TABLE `venta` DISABLE KEYS */;
INSERT INTO `venta` VALUES (41,'2025-06-20','10:00:00',7600.00,1,1),(42,'2025-06-21','11:30:00',14500.00,11,1),(43,'2025-06-22','14:45:00',18300.00,3,1),(44,'2025-06-23','09:20:00',15000.00,4,1),(45,'2025-06-24','12:10:00',8600.00,5,1),(46,'2025-06-25','16:00:00',13500.00,6,1),(47,'2025-06-26','13:40:00',9700.00,7,1),(48,'2025-06-27','15:30:00',19000.00,8,1),(49,'2025-06-28','10:15:00',12300.00,9,1),(50,'2025-07-01','09:50:00',16300.00,1,1);
/*!40000 ALTER TABLE `venta` ENABLE KEYS */;
UNLOCK TABLES;
/*!40103 SET TIME_ZONE=@OLD_TIME_ZONE */;

/*!40101 SET SQL_MODE=@OLD_SQL_MODE */;
/*!40014 SET FOREIGN_KEY_CHECKS=@OLD_FOREIGN_KEY_CHECKS */;
/*!40014 SET UNIQUE_CHECKS=@OLD_UNIQUE_CHECKS */;
/*!40101 SET CHARACTER_SET_CLIENT=@OLD_CHARACTER_SET_CLIENT */;
/*!40101 SET CHARACTER_SET_RESULTS=@OLD_CHARACTER_SET_RESULTS */;
/*!40101 SET COLLATION_CONNECTION=@OLD_COLLATION_CONNECTION */;
/*!40111 SET SQL_NOTES=@OLD_SQL_NOTES */;

-- Dump completed on 2025-08-27 20:12:19
